{"train_losses": [1.1023333617695816, 0.979345716916405, 0.9191725884561424, 0.892827109084115, 0.8800368030239512, 0.8519729598909169, 0.8338763630604958, 0.8205109470867896, 0.8156743936084054, 0.7986613301722495, 0.7832594436478686, 0.7746005181793694, 0.7573057604176147, 0.7392784033541207, 0.7501191605587263, 0.7210529810628733, 0.7397988346648646, 0.7316561227625197, 0.7110324262588231, 0.7134443407839125, 0.7060490817323819, 0.691550759917444, 0.6775774263046883, 0.6669366351656012, 0.6710883413438682, 0.6532860351978121, 0.662624565039848, 0.6597741020692361, 0.6556871387962107, 0.6500077094356935, 0.6524798919980949, 0.6382665021999462, 0.6414991559253799, 0.6307236152413013, 0.6302966401652172, 0.6339106568479324, 0.6323321517836582, 0.6374019837460002, 0.6340270428037321, 0.6053092355529467, 0.5830358978103589, 0.5955759277930847, 0.5824304286155615, 0.5934678155917663, 0.5967179020536734, 0.5773310761104475, 0.5604477689095266, 0.564333601600236, 0.5603698749352504, 0.5716870407218689, 0.5805181484031785, 0.5654862725564668], "val_losses": [0.7930728183158984, 0.7734649986211055, 0.8150885042222217, 0.730473626836562, 0.7314504304535997, 0.725251846438914, 0.6775535755138844, 0.7358869902554822, 0.7114763989322819, 0.6929303117172579, 0.6918345851901297, 0.6271603046483748, 0.6480254586221296, 0.6698656297040483, 0.6139546772549753, 0.6259569402686126, 0.6892072030653313, 0.6882626955983627, 0.6778805345065969, 0.6253296224534278, 0.6562786828284152, 0.6461341708899514, 0.6565700575460021, 0.6014078639445749, 0.6132032744436098, 0.6230671098500412, 0.6356665588674756, 0.662599259752363, 0.6256995848220929, 0.6345944449143038, 0.5801825781533262, 0.5538924549821604, 0.6695162543672875, 0.6711449276042791, 0.6093605851720835, 0.6162177063526664, 0.6209554517506574, 0.6301666587341849, 0.6505512763123746, 0.5931764062645379, 0.6298986998386439, 0.6050591947519327, 0.705225946840995, 0.6428161428332775, 0.6538856256613508, 0.645170749837968, 0.647883715021162, 0.6398417361294074, 0.6332102564363352, 0.6586423131410265, 0.6092334515872668, 0.5909044460110211]}