{"train_losses": [1.1183609139990878, 0.9751872080671895, 0.9269863313830292, 0.9000604318919124, 0.8815395782838713, 0.8566621672641765, 0.8384286032782661, 0.8309205338672117, 0.7935991520817215, 0.8013490942773877, 0.7763704243186, 0.7712955696804745, 0.742825645807985, 0.7498631065895965, 0.7390347719192505, 0.7295261088523779, 0.732594160435794, 0.742764009526363, 0.728428785417889, 0.7276665155773048, 0.699982834336636, 0.7003717002970679, 0.6917891878936742, 0.6835599496020927, 0.684799880661943, 0.6999819498207118, 0.6757714687524973, 0.6513230860815034, 0.6488094424029013, 0.6388372255114464, 0.6434988566078581, 0.6328868096744692, 0.635215673226494, 0.6268573987994108, 0.6340726459281402, 0.6380315284963485, 0.6263490117213748, 0.6178127700412596, 0.6180061614951929, 0.6220663922416555, 0.6016347824229492, 0.1671774605507249], "val_losses": [0.8360797821293818, 0.8078064536423578, 0.7928209637056959, 0.7403893364231529, 0.7366278019485374, 0.670555360292783, 0.6691438194907581, 0.6341852155766294, 0.725881734219535, 0.6619920591885845, 0.6914772109247861, 0.6177434072696876, 0.6269809600242298, 0.6623785809154894, 0.6866784769730293, 0.5967274992447347, 0.6300498845459273, 0.6106189479546932, 0.7007489057105947, 0.5801369845634327, 0.6375897985605601, 0.5938735174288741, 0.6903616317887887, 0.6490868489516045, 0.6038340558883889, 0.6039054881130869, 0.604647517754153, 0.6443266919431335, 0.6420065914633839, 0.6355965540172959, 0.6536905084891865, 0.644502598829913, 0.575498088845828, 0.6055077483978918, 0.6473987331657554, 0.6014826108451234, 0.599996132402545, 0.6220889321766057, 0.6367397951633514, 0.5904437063387983, 0.595017016644124, 0.5808635280831368]}